Date,Open,High,Low,Close,ema3,ema21
2020-12-01,1928.3223688174114,1954.0618472924077,1918.086287999943,1942.7822265625,,
2020-12-02,1946.3598911612714,1949.838195791889,1923.0055600699823,1946.0120849609375,,
2020-12-03,1959.7761600765914,1968.8197276276053,1946.5089370081712,1951.87548828125,1948.1363220214844,
2020-12-04,1956.7948188512305,1956.7948188512305,1927.9745802800342,1934.6827392578125,1941.4095306396484,
2020-12-07,1928.5708879682038,1952.819665327106,1928.5708879682038,1946.061767578125,1943.7356491088867,
2020-12-08,1948.993459050394,2001.7642842317302,1937.9125502057211,1981.391357421875,1962.5635032653809,
2020-12-09,1997.4908759339817,2021.1931340079786,1986.8572505413204,2014.385498046875,1988.474500656128,
2020-12-10,2009.068678782474,2015.9259319980165,1988.5963963165052,1994.5592041015625,1991.5168523788452,
2020-12-11,2000.5221425731067,2025.3671766338755,1962.012339778915,1993.3668212890625,1992.4418368339539,
2020-12-14,1995.503237276494,2002.5095848457004,1974.037153830701,1978.95654296875,1985.699189901352,
2020-12-15,1977.3665209762855,1977.3665209762855,1948.943826292565,1962.1116943359375,1973.9054421186447,
2020-12-16,1975.6770725704916,1982.5839433882772,1953.5152540660001,1964.298095703125,1969.1017689108849,
2020-12-17,1972.1987129315778,1992.5716399233124,1964.8942975167809,1973.2918701171875,1971.1968195140362,
2020-12-18,1967.8259801609918,1992.4723015563568,1952.8196044101855,1979.205078125,1975.200948819518,
2020-12-21,1997.5406736378338,2009.4662895998508,1843.7499177943241,1927.6763916015625,1951.4386702105403,
2020-12-22,1936.9188737587335,1946.7575316028945,1876.7441521670412,1924.695068359375,1938.0668692849576,
2020-12-23,1918.0365352490476,1939.3535249003244,1908.7445172296098,1931.8006591796875,1934.9337642323226,
2020-12-24,1934.931183600567,1986.4101408628017,1933.8380264036334,1981.7889404296875,1958.361352331005,
2020-12-28,1994.2610295333689,2005.4910328014678,1982.931791711167,1990.8822021484375,1974.6217772397213,
2020-12-29,1996.5468418628077,1999.8264347278082,1970.2608456061464,1977.71435546875,1976.1680663542356,
2020-12-30,1982.882042839186,1994.7579198428277,1963.3042057643736,1983.1304931640625,1979.649279759149,1964.2889049218313
2020-12-31,1981.1428965692544,1999.4288647983092,1966.3352328990118,1972.9937744140625,1976.3215270866058,1965.0802566938523
2021-01-01,1975.6769543533803,1984.6211659173543,1969.7141466440642,1975.1800537109375,1975.7507903987716,1965.9984200590418
2021-01-04,1982.7329328335293,1986.5094262674918,1955.8009420908386,1978.50927734375,1977.1300338712608,1967.135770721288
2021-01-05,1956.7947677711772,1971.3042425482975,1943.8753508178886,1953.9127197265625,1965.5213767989117,1965.933675176313
2021-01-06,1953.7140171330684,1953.8133730012162,1893.3405876265456,1902.3841552734375,1933.9527660361746,1960.1564460942334
2021-01-07,1908.5954851198646,1932.943618098483,1893.3406587204788,1899.303466796875,1916.6281164165248,1954.624357067201
2021-01-08,1906.1108692893763,1926.3844398156605,1900.2474174308168,1921.7135009765625,1919.1708086965436,1951.632461058961
2021-01-11,1926.7821189203132,1926.7821189203132,1880.7690675790518,1885.4896240234375,1902.3302163599906,1945.6194758739134
2021-01-12,1891.2039347925424,1947.850610716439,1888.123174926076,1944.9189453125,1923.6245808362453,1945.5557912774211
2021-01-13,1951.3786878866463,1962.7079262174234,1906.5581499836085,1926.7821044921875,1925.2033426642165,1943.8490924787634
2021-01-14,1932.943622641721,1954.7078964344512,1927.0305531441861,1948.4468994140625,1936.8251210391395,1944.2670749274268
2021-01-15,1948.4468323029978,1961.565082438251,1908.1482618015034,1925.4403076171875,1931.1327143281635,1942.555550626496
2021-01-18,1937.0181475307138,1984.621255487919,1911.4277632899457,1971.652099609375,1951.3924069687691,1945.2006914431213
2021-01-19,1982.285822319785,2018.4104759501085,1982.285822319785,2003.9010009765625,1977.6467039726658,1950.5370832188885
2021-01-20,2008.8699901766697,2045.2430938215562,1988.9939639976458,2041.9635009765625,2009.8051024746142,1958.8485757423132
2021-01-21,2069.0944280254935,2106.858879641713,2062.1378185172425,2086.386474609375,2048.095788541995,1970.442930184773
2021-01-22,2097.914567104244,2102.2376998571444,2022.5347619425957,2036.895263671875,2042.495526106935,1976.4840514108732
2021-01-25,2022.3359703264518,2022.3359703264518,1920.0241718085874,1928.9683837890625,1985.7319549479987,1972.1644452634357
2021-01-27,1913.0675802507626,1913.0675802507626,1876.2969306563325,1883.2535400390625,1934.4927474935307,1964.0816356975836
2021-01-28,1868.4956293412902,1911.378181784823,1858.4085213929266,1864.91796875,1899.7053581217654,1955.0667568841668
2021-01-29,1882.5579463711686,1901.24133896835,1818.656471022358,1830.5323486328125,1865.1188533772888,1943.7454470431344
2021-02-01,1847.874145125279,1893.1914597414013,1836.5447861428397,1883.5516357421875,1874.3352445597382,1938.273282379412
2021-02-02,1902.3842168851797,1927.9746014142609,1843.451748842267,1913.8626708984375,1894.098957729088,1936.0541358811415
2021-02-03,1916.3472082575872,1939.900251930259,1888.2225812845759,1918.6826171875,1906.390787458294,1934.4749069089924
2021-02-04,1912.0736372663916,1927.974457534719,1893.1914131977526,1912.371826171875,1909.3813068150844,1932.4655359328908
2021-02-05,1918.0863143160716,1932.5957895380943,1908.0985623781676,1911.8253173828125,1910.6033120989484,1930.5891524283381
2021-02-08,1921.067668593115,1956.7947771207282,1917.0924633577251,1939.353515625,1924.9784138619743,1931.3859127189437
2021-02-09,1949.788511177793,1977.2671427831117,1940.1984251959398,1944.0245361328125,1934.5014749973934,1932.5348784838409
2021-02-10,1941.6393458891246,1972.4471870778964,1915.3533492712572,1962.06201171875,1948.2817433580717,1935.219163323378
2021-02-11,1967.7266833940075,2051.4047089805586,1960.0247228908238,2042.9573974609375,1995.6195704095046,1945.0135482449743
2021-02-12,2042.7585644289518,2065.1190935944355,2002.907156712306,2028.9447021484375,2012.282136278971,1952.6436531452891
2021-02-15,2035.3549140778518,2048.5227820344785,2012.4477443146407,2020.0006103515625,2016.1413733152667,1958.767012891314
2021-02-16,2027.106309994936,2066.5104365946167,2022.3857535676896,2046.73388671875,2031.4376300170084,1966.7640014210808
2021-02-17,2047.230788450288,2082.9578985873495,2037.8891527772048,2070.336669921875,2050.8871499694415,1976.1796985575165
2021-02-18,2072.0756227876714,2095.33047517237,2046.3362672581434,2054.8828125,2052.8849812347207,1983.3345270977422
2021-02-19,2044.2494089539036,2091.902135906978,2040.5723924267943,2067.405029296875,2060.145005265798,1990.977300024936
2021-02-22,2067.106680676496,2076.945216384578,1982.5838325397274,1995.65234375,2027.898674507899,1991.4023039999418
2021-02-23,2035.3050974227835,2040.1746268256684,2001.1183078517827,2010.9072265625,2019.4029505351996,1993.1754787783561
2021-02-24,2017.4165266500638,2052.44802052416,2013.590416120867,2048.224365234375,2033.8136578847873,1998.1799230016304
2021-02-25,2063.1316834823706,2138.660589043382,2060.1502793154887,2131.05810546875,2082.4358816767685,2010.2597577713686
2021-02-26,2103.877402385012,2120.6725477055265,2057.864352569795,2072.870849609375,2077.653365643072,2015.9516752111874
2021-03-01,2097.119675219375,2098.9085662729076,2049.7153967508866,2088.67236328125,2083.162864462161,2022.5626468539203
2021-03-02,2108.8463775837636,2116.796788055333,2076.1504115703437,2092.945556640625,2088.054210551393,2028.9610931981663
2021-03-03,2107.9023068621673,2206.1394203021327,2094.1380617346153,2188.449951171875,2138.252080861634,2043.460080286685
2021-03-04,2166.4869715747323,2176.375246612197,2144.3251526519743,2162.36279296875,2150.307436915192,2054.2694178032366
2021-03-05,2142.6355834380606,2198.2387171451483,2139.7039181550067,2165.19482421875,2157.751130566971,2064.353545659192
2021-03-08,2155.0580605846676,2218.0649642444228,2154.561159948148,2177.51806640625,2167.6345984866102,2074.64122936347
2021-03-09,2186.3629794548824,2200.077486669647,2133.2940841863,2177.468505859375,2172.5515521729926,2083.9891635903705
2021-03-10,2193.3195770026787,2201.36946497961,2156.7973774309303,2168.4248046875,2170.488178430246,2091.665130962837
2021-03-12,2181.39395370511,2192.723191994625,2110.7345809783737,2124.349853515625,2147.4190159729355,2094.636469376727
2021-03-15,2126.7844475868615,2135.579443213604,2067.60353367784,2095.827392578125,2121.62320427553,2094.744735122308
2021-03-16,2100.895941891605,2112.8215574557958,2082.510617896811,2087.5791015625,2104.601152919015,2094.0933138895984
2021-03-17,2085.044761937144,2089.9640296011958,2022.4849004359871,2042.6094970703125,2073.6053249946635,2089.4129669060267
2021-03-18,2060.0506926937724,2071.8770741705507,1988.5964736741344,1996.646240234375,2035.1257826145193,2080.9796281176946
2021-03-19,1978.658322967324,2082.858482882681,1970.5092011018514,2069.09423828125,2052.1100104478846,2079.899138132563
2021-03-22,2058.1625109646657,2061.143914891703,2020.5967729585427,2049.61572265625,2050.8628665520673,2077.1461003619893
2021-03-23,2049.1686299047924,2096.6226440152436,2043.2555604416166,2074.560302734375,2062.711584643221,2076.9110278503877
2021-03-24,2066.8583014756837,2066.8583014756837,2027.7522436789964,2034.6094970703125,2048.6605408567666,2073.065434143108
2021-03-25,2041.267911931611,2041.267911931611,1972.6956208297215,1979.1055908203125,2013.8830658385396,2064.5236302046724
2021-03-26,1999.528194713728,2001.2176083806269,1961.465556795861,1982.2857666015625,1998.084416220051,2057.047460786208
2021-03-30,1995.5530526720781,2036.199429652188,1979.2050694662307,2016.7210693359375,2007.4027427779943,2053.3814251998197
2021-03-31,2005.4910131665429,2037.1931774238674,1986.6087885628936,1990.683349609375,1999.0430461936846,2047.6816001461427
2021-04-01,2005.4910279209769,2017.416643547861,1990.7331028454353,2009.317138671875,2004.18009243278,2044.1939218303003
2021-04-05,2012.3978603419448,2012.4475989315692,1949.9374739415362,1980.2484130859375,1992.2142527593587,2038.380693762631
2021-04-06,1991.577837401093,1992.521900125903,1956.7947913386986,1972.0,1982.1071263796794,2032.3460852387552
2021-04-07,1987.6026270426291,2034.2119329095062,1980.944206767491,1990.4349365234375,1986.2710314515584,2028.53598081009
2021-04-08,1998.5344352603663,2009.4662496750177,1980.6460116727549,1992.91943359375,1989.5952325226542,2025.298112881332
2021-04-09,1986.0621602915446,1993.9132148275605,1967.7265748243176,1969.763916015625,1979.6795742691397,2020.249549529904
2021-04-12,1946.8568369434079,1949.2419844366946,1888.471007862027,1899.303466796875,1939.4915205330074,2009.2544510996288
2021-04-13,1912.0737406278274,1928.5708182852777,1905.9618382440701,1919.825439453125,1929.658479993066,2001.1245409499465
2021-04-15,1914.3595013242439,1948.8443580638666,1901.1418954493508,1932.2479248046875,1930.9532023988768,1994.8630303912864
2021-04-16,1924.5956411639027,1937.8132474453091,1914.5085333505808,1920.12353515625,1925.5383687775634,1988.068530824465
2021-04-19,1892.1976567275142,1904.520816989937,1878.2844386633412,1889.911865234375,1907.7251170059692,1979.1451975890022
2021-04-20,1898.6574969624482,1907.1048085165864,1878.7317311828185,1889.365478515625,1898.545297760797,1970.9834049459678
2021-04-22,1880.520572615667,1902.5829136857024,1865.0669133600363,1894.5828857421875,1896.5640917514922,1964.0379032001695
2021-04-23,1894.1852065022547,1907.0052670524306,1883.601198792913,1892.54541015625,1894.554750953871,1957.538585650722
2021-04-26,1908.0984401318135,1949.8380935096968,1899.6511293291467,1925.8377685546875,1910.1962597542793,1954.6566931874463
2021-04-27,1927.9745400856093,1984.8199264534005,1926.235387794295,1976.322998046875,1943.2596289005771,1956.6263572655762
2021-04-28,1985.4659515339442,1995.55305923854,1967.8757166189005,1984.91943359375,1964.0895312471634,1959.198455113592
2021-04-29,2010.3607662991942,2031.8268511016634,1994.857489570391,2011.503662109375,1987.7965966782692,1963.9534739313904
2021-04-30,1996.0499371317999,2023.379473238907,1975.2298481502041,1982.13671875,1984.9666577141347,1965.6064961876277
2021-05-03,1953.8134871849388,1966.73290495371,1931.0554116218361,1946.9066162109375,1965.936636962536,1963.9065070988377
2021-05-04,1937.912593171285,1955.6023053677397,1899.154341307859,1904.7196044921875,1935.3281207273617,1958.5258795891423
2021-05-05,1911.4277302423702,1926.483844390325,1896.2226429484415,1908.1978759765625,1921.762998351962,1953.950606533453
2021-05-06,1909.9369674544455,1923.0054785611408,1894.7814979205657,1919.0302734375,1920.396635894731,1950.7760307974572
2021-05-07,1925.7385649327491,1943.527633350965,1914.0613990764932,1919.7757568359375,1920.0861963653342,1947.9578240736826
2021-05-10,1926.9808377742418,1934.7325369106522,1909.0426746939497,1914.2601318359375,1917.1731641006359,1944.8943975066147
2021-05-11,1903.1295953964184,1926.5336658391525,1898.1605886199266,1921.1671142578125,1919.1701391792242,1942.7373717567234
2021-05-12,1918.1358994381442,1920.918591653751,1895.1791132571173,1901.291015625,1910.230577402112,1938.969521199294
2021-05-14,1916.098719453693,1929.962199602,1894.1853514116438,1925.2913818359375,1917.7609796190247,1937.7260539844433
2021-05-17,1925.2913169626422,1951.2791240410024,1918.4340636944867,1948.1983642578125,1932.9796719384185,1938.6780821911132
2021-05-18,1968.7203269257905,1990.1864102156119,1960.2730160833528,1975.627197265625,1954.3034346020218,1942.0370926524324
2021-05-19,1967.7265380565598,2003.9505462544205,1959.7761278017858,1984.6708984375,1969.4871665197609,1945.9128931783475
2021-05-20,1985.5156559888833,1998.435072982947,1968.7203896338733,1973.0931396484375,1971.290153084099,1948.3838246756284
2021-05-21,1979.6523100124416,1997.143189693598,1973.6895018497535,1990.136962890625,1980.713557987362,1952.1795645133554
2021-05-24,1995.5531107134964,1997.3420016688756,1969.7142756146166,1973.3416748046875,1977.0276163960248,1954.1033927216583
2021-05-25,1984.024972881147,1984.621229408427,1947.8505806912956,1950.9810791015625,1964.0043477487936,1953.8195460289223
2021-05-26,1962.7576470150848,1967.2297530462586,1953.1178225400113,1957.83837890625,1960.9213633275217,1954.1848944723158
2021-05-27,1958.0868550169214,1980.6460972123477,1950.0867055970546,1963.850830078125,1962.3860967028234,1955.0636158910258
2021-05-28,1977.6645201607728,2091.9516657982044,1977.6645201607728,2081.81494140625,2022.1005190545366,1966.586463665137
2021-05-31,2088.9702728875754,2178.114198423976,2072.125389859534,2146.908935546875,2084.504727300706,1982.9794156543858
2021-06-01,2152.57363965522,2188.3504868517057,2133.1945140904572,2155.45556640625,2119.980146853478,1998.6590657227368
2021-06-02,2143.629514813139,2195.8040857578258,2143.629514813139,2187.605224609375,2153.7926857314264,2015.8359892578858
2021-06-03,2207.2328677279593,2236.05310778384,2182.4873103860677,2195.953125,2174.8729053657135,2032.2102743253506
2021-06-04,2201.0710496792267,2202.7107246853507,2170.710373067606,2176.921630859375,2175.897268112544,2045.3658521920802
2021-06-07,2188.350560479995,2228.102614258015,2171.4559376243365,2213.593017578125,2194.7451428453346,2060.6592308635386
2021-06-08,2212.7981747494955,2213.344571388142,2184.52433234509,2200.87255859375,2197.8088507195425,2073.4058970208303
2021-06-09,2205.245079359734,2207.232681954921,2144.5734616162035,2161.517822265625,2179.6633364925838,2081.416072043084
2021-06-10,2179.8036983013153,2216.1769233315677,2164.0520930997395,2169.46826171875,2174.565799105667,2089.420816559054
2021-06-11,2176.3473945679975,2221.312113254162,2173.555994178819,2206.506591796875,2190.536195451271,2100.06497794431
2021-06-14,2208.3512252708233,2251.471401565615,2188.461157950506,2238.161376953125,2214.348786202198,2112.6191960360206
2021-06-15,2254.213074652778,2268.071253157722,2233.5752592718336,2243.24609375,2228.7974399760988,2124.494368555473
2021-06-16,2238.1615205773505,2240.3052130956266,2199.2289293529598,2204.961669921875,2216.879554948987,2131.8095777706003
2021-06-17,2193.396340970251,2228.291282758414,2173.3565770373584,2208.999267578125,2212.939411263556,2138.826822298557
2021-06-18,2218.819785894701,2228.291270040286,2177.793401932469,2218.96923828125,2215.954324772403,2146.112496478802
2021-06-21,2196.8857315477812,2240.753656298452,2193.545689913877,2230.534423828125,2223.244374300264,2153.787217146922
2021-06-22,2247.2342953656776,2254.2132838606017,2212.688399678922,2219.069091796875,2221.1567330485695,2159.7219330241905
2021-06-23,2243.2460998499523,2243.844396173024,2195.0910348916173,2198.730224609375,2209.9434788289723,2163.2681413501164
2021-06-24,2200.225846569306,2207.952583572885,2133.576411310802,2147.035888671875,2178.489683750424,2161.792482015731
2021-06-25,2147.03587270371,2147.03587270371,2074.8532920153993,2098.133056640625,2138.3113701955244,2156.0052615270847
2021-06-28,2115.6304654261294,2120.1169579305674,2074.753533719027,2079.738525390625,2109.0249477930747,2149.0719218783156
2021-06-29,2083.228051637881,2102.6695194564686,2077.844357912777,2081.533203125,2095.2790754590374,2142.9320383552867
2021-06-30,2089.957774363689,2116.278433228692,2084.773431666982,2104.314453125,2099.7967642920185,2139.421348788897
2021-07-01,2111.6424529945357,2116.776897006735,2088.711491512536,2091.652587890625,2095.7246760913217,2135.078734161781
2021-07-02,2090.7053369904256,2126.497476917709,2086.6674453833525,2122.6591796875,2109.191927889411,2133.949683755028
2021-07-05,2130.036879422537,2147.085646995847,2125.101786727456,2143.74560546875,2126.4687666790805,2134.840222092639
2021-07-06,2138.511538306003,2142.4496330630323,2113.8358294186432,2118.422119140625,2122.4454429098528,2133.3476672788197
2021-07-07,2121.3631297970037,2121.3631297970037,2091.702430414341,2103.71630859375,2113.0808757518016,2130.6539073983586
2021-07-08,2110.5956114699457,2110.5956114699457,2074.7535694160388,2086.31884765625,2099.699861704026,2126.623447421803
2021-07-09,2081.7325309257176,2085.421376096852,2059.898364674242,2064.98291015625,2082.341385930138,2121.0197622158435
2021-07-12,2073.5071983467647,2095.1919112036185,2068.2729573123515,2077.84423828125,2080.092812105694,2117.0947145854257
2021-07-13,2093.69636495914,2096.737258361232,2081.782284325809,2093.397216796875,2086.7450144512845,2114.9403966046484
2021-07-14,2094.0455488512293,2100.5260380243067,2075.002783302607,2079.738525390625,2083.2417699209545,2111.7402264942825
2021-07-15,2088.7115411265586,2088.7115411265586,2072.2610683682824,2076.099609375,2079.6706896479773,2108.5001703925295
2021-07-16,2081.4831716439044,2108.4021253665173,2081.3337192641147,2106.05908203125,2092.8648858396136,2108.2782532687766
2021-07-19,2093.6965551622666,2117.6245157926924,2085.9698178753583,2092.649658203125,2092.7572720213693,2106.8574718991717
2021-07-20,2093.197978476494,2101.672464219314,2077.7445044748815,2087.51513671875,2090.1362043700597,2105.0990777918605
2021-07-22,2112.639380101301,2117.524574367491,2091.8518683563498,2114.334228515625,2102.235216442842,2105.9386369485665
2021-07-23,2128.043097334293,2128.043097334293,2095.7404478863323,2099.37939453125,2100.807305487046,2105.342342183356
2021-07-26,2101.6723657300095,2114.6333433175287,2064.883226710088,2070.615966796875,2085.7116361419603,2102.185398966403
2021-07-27,2070.566154977179,2077.445346006512,2035.8705648380476,2048.83154296875,2067.271589555355,2097.335048421162
2021-07-28,2051.82253665989,2051.82253665989,2010.1978569195837,2031.2344970703125,2049.253043312834,2091.3259073892664
2021-07-29,2047.834540729065,2068.173209009022,2037.2663829219728,2047.0867919921875,2048.169917652511,2087.3041696258956
2021-07-30,2051.822486391017,2061.7425707218945,2025.0032079764198,2029.190673828125,2038.680295740318,2082.021124553371
2021-08-02,2048.1337316886647,2073.158243894232,2035.0231792207649,2066.279052734375,2052.4796742373464,2080.5900271152805
2021-08-03,2083.726400421731,2084.7233986994447,2058.00379617516,2081.483154296875,2066.9814142671107,2080.671220495425
2021-08-04,2088.1132706924345,2107.6545359384286,2080.7355801814097,2097.435302734375,2082.208358500743,2082.1952279716934
2021-08-05,2107.9536813979716,2148.3321149811977,2097.9337991976104,2127.84375,2105.0260542503715,2086.34509361063
2021-08-06,2123.55642899472,2140.505399684406,2072.5101659520456,2082.779296875,2093.9026755626855,2086.0209302710273
2021-08-09,2074.7535800985565,2083.5272143182556,2060.297103927759,2070.9150390625,2082.4088573125928,2084.6476674338883
2021-08-10,2075.7505819539274,2106.65753106083,2067.525345498058,2081.782470703125,2082.095664007859,2084.3871950038188
2021-08-11,2090.655567013917,2113.6364268458515,2077.146191170207,2110.944580078125,2096.5201220429917,2086.8015027378465
2021-08-12,2118.5217180853065,2119.817864635041,2098.681548081764,2104.1650390625,2100.342580552746,2088.3800060400877
2021-08-13,2110.9444737662852,2143.446471139065,2102.6194408959436,2139.209228515625,2119.7759045341854,2093.0008444469545
2021-08-16,2142.8984182181507,2196.387280267821,2121.7618592877975,2166.975830078125,2143.375867306155,2099.725843140697
2021-08-17,2162.339951846621,2178.6407286969347,2141.4029866603914,2157.753662109375,2150.564764707765,2105.001099410577
2021-08-18,2167.474218843232,2180.235845262227,2146.138553426562,2166.128173828125,2158.346469267945,2110.5581061758085
2021-08-20,2136.567272802899,2165.4802223648608,2130.5852832383553,2141.801513671875,2150.0739914699097,2113.398415948178
2021-08-23,2167.4743078514516,2167.4743078514516,2125.89952735297,2155.859375,2152.966683234955,2117.258503134707
2021-08-24,2158.551341675472,2185.420398717191,2149.129755882636,2177.145263671875,2165.055973453415,2122.7027540926315
2021-08-25,2178.839960119553,2213.336198229853,2173.5560639220794,2195.988525390625,2180.5222494220197,2129.3650969379037
2021-08-26,2201.37231892169,2238.1614600405505,2198.381323923155,2223.7548828125,2202.13856611726,2137.945986562867
2021-08-27,2230.2851480199884,2236.0178881188326,2209.3980827761898,2220.7138671875,2211.42621665238,2145.4703393469244
2021-08-30,2243.2460879428886,2269.018590360811,2230.0857595751795,2263.435302734375,2237.4307596933777,2156.194426927602
2021-08-31,2270.0652998926166,2276.894835514416,2235.5194066479253,2251.37158203125,2244.401170862314,2164.846895573388
2021-09-01,2266.177114426146,2286.017283045029,2256.20713152062,2260.294921875,2252.348046368657,2173.5239888735346
2021-09-02,2248.231301438561,2300.8728635196585,2248.231301438561,2287.512939453125,2269.930492910891,2183.886620744406
2021-09-03,2303.066195687016,2387.8110557014734,2295.5887080386815,2381.33056640625,2325.6305296585706,2201.836070350028
2021-09-06,2405.75681627996,2472.5557001136763,2404.759818013785,2418.319091796875,2371.974810727723,2221.5163450270143
2021-09-07,2422.705814185862,2450.6217659542585,2404.7598451918925,2433.572998046875,2402.773904387299,2240.7942225742745
2021-09-08,2444.6399202314333,2446.6339169037265,2399.4259483240667,2424.052001953125,2413.412953170212,2257.4540206996244
2021-09-09,2420.6119930828536,2430.5323205575173,2408.847608268214,2418.319091796875,2415.8660224835435,2272.078118072102
2021-09-13,2425.69689410059,2425.69689410059,2360.94190239093,2364.431396484375,2390.1487094839595,2280.473870655036
2021-09-14,2367.870963721802,2386.8139314315767,2358.897979017172,2361.340576171875,2375.7446428279172,2287.825389338385
2021-09-15,2361.3905006786927,2388.558704665813,2361.3905006786927,2371.1611328125,2373.4528878202086,2295.40136601785
2021-09-16,2374.401261220543,2429.4355166401615,2359.8948878166666,2420.9111328125,2397.1820103163545,2306.8113448173635
2021-09-17,2438.6577730735635,2448.478303414916,2368.469192094739,2383.374267578125,2390.2781389472398,2313.771610522887
2021-09-20,2364.979872749879,2411.091046229765,2362.8860788611864,2387.1630859375,2388.72061244237,2320.4435628333063
2021-09-21,2397.780837615465,2409.346114902211,2376.8438739606104,2397.481689453125,2393.1011509477476,2327.447028889653
2021-09-22,2400.7718841609235,2434.6698260469166,2391.0511508259697,2423.204345703125,2408.1527483254363,2336.1522395090597
2021-09-23,2440.0535966918683,2489.50481084224,2438.159397242571,2482.426025390625,2445.2893868580304,2349.449856407384
2021-09-24,2496.035069906067,2497.92926925775,2464.5797257761938,2475.24755859375,2460.26847272589,2360.8860111515987
2021-09-27,2479.534776729963,2522.305906516713,2467.8699452797396,2516.872314453125,2488.5703935895076,2375.06658417901
2021-09-28,2526.393736287121,2557.2008869316096,2505.257420639837,2540.401611328125,2514.486002458816,2390.097041192566
2021-09-29,2562.285587296363,2562.285587296363,2512.4855717423347,2520.26220703125,2517.374104745033,2401.9302380869917
2021-09-30,2517.420728554195,2526.992009677359,2492.844817616772,2511.68798828125,2514.5310465131415,2411.908215377379
2021-10-01,2494.4397991187157,2532.176281397291,2487.510709751066,2516.12451171875,2515.3277791159458,2421.3824241356856
2021-10-04,2545.336603568867,2567.1211133048664,2529.434529717355,2548.47705078125,2531.9024149485977,2432.936481103464
2021-10-05,2547.430457848563,2604.159563847986,2539.7037210109593,2601.367919921875,2566.6351674352363,2448.2484300869555
2021-10-06,2612.085713057,2612.085713057,2543.442524421358,2552.166259765625,2559.4007136004307,2457.695505512289
2021-10-07,2587.2107269457274,2590.949470770793,2559.992623217686,2564.678466796875,2562.039590198653,2467.421229265433
2021-10-08,2577.4898362784056,2676.3421196394006,2573.751092680671,2663.231689453125,2612.635639825889,2485.2221801915866
2021-10-11,2693.2911681701135,2711.8354343119818,2637.4096069797356,2644.6875,2628.6615699129443,2499.719027446897
2021-10-12,2637.0606253561605,2674.9465625068347,2633.3218815583964,2659.792236328125,2644.2269031205346,2514.2711373451903
2021-10-13,2670.9585210510654,2711.336953340191,2661.2876859497965,2686.860595703125,2665.5437494118296,2529.9610881050025
2021-10-14,2692.244534262926,2709.293059638986,2679.1338601958696,2692.294189453125,2678.9189694324773,2544.718642773014
2021-10-18,2660.58972310013,2736.7602947793257,2654.30858521744,2699.47265625,2689.195812841239,2558.7871894527398
2021-10-19,2715.624017349769,2743.091369187509,2699.8713955332682,2723.64990234375,2706.4228575924944,2573.774708806468
2021-10-20,2734.517166036606,2734.517166036606,2683.4210016908305,2692.294189453125,2699.3585235228097,2584.549207047073
2021-10-21,2719.21320341813,2719.811499791468,2595.3860569845506,2614.628173828125,2656.993348675467,2587.2836585726236
2021-10-22,2612.135493684624,2656.9006190949613,2603.6610083043497,2619.51318359375,2638.2532661346086,2590.213615392726
2021-10-25,2671.9554530165365,2671.9554530165365,2562.285639646455,2593.990234375,2616.1217502548043,2590.5569443911145
2021-10-26,2609.2444713303466,2660.8887909793707,2595.3361496632783,2653.0625,2634.592125127402,2596.2392676282857
2021-10-27,2644.039438645658,2668.7650446720154,2612.085595089066,2619.51318359375,2627.052654360576,2598.355078170601
2021-10-28,2612.135470326289,2630.0315406112813,2582.7240213283403,2590.7998046875,2608.926229524038,2597.6682351266827
2021-10-29,2588.3570642765076,2588.3570642765076,2494.1906226101037,2528.636962890625,2568.7815962073314,2591.392664923405
2021-11-01,2528.6369769767257,2548.3276937023206,2486.6135953533194,2530.182373046875,2549.481984627103,2585.8280929346292
2021-11-02,2537.3607342650207,2540.3517292366496,2487.760067652178,2493.29345703125,2521.3877208291765,2577.4158533070495
2021-11-03,2498.5275821810974,2512.435659471616,2453.612761095098,2476.14501953125,2498.766370180213,2568.2094138728858
2021-11-04,2485.4669290640645,2497.3810103827304,2482.5258326828066,2491.349365234375,2495.057867707294,2561.22213672393
2021-11-08,2511.837513711134,2512.4358100766517,2449.0266184592174,2494.43994140625,2494.748904556772,2555.151028058686
2021-11-09,2497.4807919694704,2521.3089544578784,2479.5847208043815,2514.130615234375,2504.4397598955734,2551.421899620112
2021-11-10,2509.1455549678662,2550.3216331446833,2496.134678564441,2542.245849609375,2523.342804752474,2550.5877132554992
2021-11-11,2532.4256045911507,2562.7841544322387,2527.9391121986414,2546.882080078125,2535.1124424152995,2550.2508375121015
2021-11-12,2555.206862663954,2590.9493493192663,2549.3246700180334,2585.31640625,2560.2144243326497,2553.438616488274
2021-11-15,2592.195569346856,2594.3889169162844,2562.285620469777,2570.062255859375,2565.138340096012,2554.949856431101
2021-11-16,2564.3296475604075,2567.2707440030454,2487.5108762281934,2510.342041015625,2537.7401905558186,2550.8946004842396
2021-11-17,2491.4488009395104,2491.4488009395104,2453.612764928248,2456.603759765625,2497.1719751607216,2542.322705873456
2021-11-18,2452.615850316224,2481.5288013971876,2442.6957657820726,2465.8759765625,2481.523975861611,2535.3730032088233
2021-11-22,2428.7877111628595,2441.648892161885,2343.9430565425037,2356.65478515625,2419.0893805089304,2519.125892476771
2021-11-23,2326.0469179697043,2394.0421529234964,2302.069060322896,2378.6884765625,2398.8889285357154,2506.3588546663827
2021-11-24,2372.8560467324673,2402.6661997043484,2336.5155059588174,2344.341796875,2371.6153627053577,2491.6300312308026
2021-11-25,2365.8769026678065,2494.4896799304056,2350.0743826720413,2485.466796875,2428.5410797901786,2491.069737198457
2021-11-26,2460.392410822457,2470.1630426748466,2394.291375995369,2405.358154296875,2416.949617043527,2483.277775116495
2021-11-29,2431.7786881252314,2492.4957881617347,2391.8987555146437,2434.17138671875,2425.5605018811384,2478.813557989427
2021-11-30,2460.591880370074,2468.4680698201337,2381.6795598517933,2398.1796875,2411.870094690569,2471.4832061267516
2021-12-01,2425.6967854586796,2466.5737144368163,2417.820596506492,2459.5947265625,2435.7324106265346,2470.402435257274
2021-12-02,2462.2867865358894,2488.707242920577,2454.211245912043,2475.3974609375,2455.5649357820175,2470.856528500931
2021-12-03,2490.9005427704064,2491.000339967024,2392.7960039707255,2401.021240234375,2428.2930880081963,2464.507865931244
2021-12-06,2408.7479130865195,2417.72089786209,2350.0744652742555,2355.50830078125,2391.9006943947234,2454.598814553972
2021-12-07,2369.01735455753,2396.7838538885276,2352.9159297740953,2374.700439453125,2383.300566923924,2447.3353259084406
2021-12-08,2416.823786948641,2424.5006255282537,2399.0771677152798,2410.841796875,2397.0711818994623,2444.017732359946
2021-12-09,2427.690851243721,2467.4709858989327,2417.720868281735,2449.076416015625,2423.0737989575437,2444.47761269228
2021-12-10,2432.9250286863626,2458.597734142227,2423.0548431751813,2451.56884765625,2437.321323306897,2445.1222704162774
2021-12-13,2466.0754346081217,2466.6737309850955,2396.7840488368406,2402.4169921875,2419.869157747198,2441.239972395479
2021-12-14,2372.8559187140877,2398.7778741286115,2366.2756326688254,2373.00537109375,2396.437264420474,2435.0368268225943
2021-12-15,2376.8440467883397,2397.781011965586,2354.0128821248427,2366.076416015625,2381.2568402180495,2428.767698567415
2021-12-16,2398.4787276273664,2408.2493595104147,2361.5398924544575,2396.68408203125,2388.97046112465,2425.8510061550364
2021-12-17,2390.851758463966,2400.7718426037995,2313.035994535222,2333.424560546875,2361.1975108357624,2417.4486020088398
2021-12-20,2310.892591026833,2310.892591026833,2240.3549617899507,2270.51416015625,2315.855835496006,2404.0909254767857
2021-12-21,2304.412053049675,2338.957945806855,2285.3193900986967,2304.312255859375,2310.0840456776905,2395.0201373297486
2021-12-22,2317.9212775650944,2364.7801982161445,2315.03007982421,2358.997802734375,2334.5409242060327,2391.74537963926
2021-12-23,2366.87388130384,2372.8558708943297,2350.971807657343,2358.150146484375,2346.3455353452036,2388.6912675342705
2021-12-24,2362.88609031248,2384.8200540200223,2330.5335425254157,2365.677734375,2356.011634860102,2386.599128156155
2021-12-27,2354.4614172554657,2370.861990840233,2341.0518386128856,2363.13525390625,2359.573444383176,2384.466048678891
2021-12-28,2368.469316526366,2397.631517511601,2365.9269221178893,2391.20068359375,2375.387063988463,2385.0782882166054
2021-12-29,2383.822850038209,2411.738801439744,2374.94966284869,2395.288330078125,2385.337697033294,2386.00647384038
2021-12-30,2392.7959321419276,2397.7310250704127,2338.5593217098262,2352.018798828125,2368.6782479307094,2382.916685202902
2021-12-31,2365.87704318232,2376.7442276441857,2352.916064858944,2361.04150390625,2364.8598759184797,2380.928032357752
2022-01-03,2357.9010391857955,2400.722068573171,2356.4554402957606,2396.634521484375,2380.7471987014274,2382.3558950056263
2022-01-04,2408.6481556524127,2453.61287746646,2396.783972949764,2450.7216796875,2415.7344391944634,2388.5709663403422
2022-01-05,2454.609727544372,2469.564701513976,2425.646879275016,2462.18701171875,2438.9607254566067,2395.2633341020155
2022-01-06,2443.8421294427967,2446.633773301715,2401.768850808407,2409.246337890625,2424.103531673616,2396.5345162646163
2022-01-07,2423.653097916266,2450.6718506498387,2404.3114272282137,2428.68798828125,2426.395759977433,2399.4575591752196
2022-01-10,2444.6398611342543,2449.624852694479,2408.797820497796,2430.681884765625,2428.538822371529,2402.2961342288927
2022-01-11,2428.687833971453,2467.520868677904,2427.6908356816452,2448.17919921875,2438.3590107951395,2406.4673219552433
2022-01-12,2463.8819074873045,2517.370768051164,2457.600769617678,2513.532470703125,2475.9457407491323,2416.20051729596
2022-01-13,2513.68206604036,2533.372783265664,2500.870540001537,2527.68994140625,2501.817841077691,2426.3359194878044
2022-01-14,2527.3906689433893,2559.5937624402804,2518.2682319393116,2531.378662109375,2516.598251593533,2435.885259726129
2022-01-17,2530.3816416580958,2557.3005952927565,2529.3846433753306,2544.5888671875,2530.5935593905165,2445.7674058589805
2022-01-18,2547.0815154531874,2554.658800219162,2508.1985800964303,2514.23046875,2522.412014070258,2451.991320667255
2022-01-19,2522.4056942003244,2534.3696737775595,2501.468729940164,2514.031005859375,2518.2215099648165,2457.6312920483565
2022-01-20,2492.5456870248768,2502.4158729839332,2447.630864235854,2470.013427734375,2494.1174688495958,2458.7569407470855
2022-01-21,2444.6398499045354,2494.7390148546588,2444.6398499045354,2470.412353515625,2482.2649111826104,2459.816523726043
2022-01-24,2467.57084123641,2497.2315412472312,2348.030840068519,2370.76220703125,2426.51355910693,2451.720676753789
2022-01-25,2342.4974096224732,2381.479897193935,2298.0810865777744,2366.126220703125,2396.3198899050276,2443.939362567365
2022-01-27,2328.9879933481316,2349.027756236201,2304.1129348233376,2331.081787109375,2363.7008385072013,2433.6795829802754
2022-01-28,2357.9010267106564,2368.7682110351275,2321.410790836922,2328.838623046875,2346.269730777038,2424.1485866226935
2022-01-31,2353.11537769909,2399.1766512354734,2349.1273844334673,2379.436279296875,2362.8530050369563,2420.0838314112552
2022-02-01,2400.7719134099784,2413.334189389774,2340.054814125807,2371.559814453125,2367.2064097450407,2415.6725571423344
2022-02-02,2399.7748243089923,2399.7748243089923,2367.970677012587,2376.395263671875,2371.8008367084576,2412.1018940995655
2022-02-03,2384.8199273124537,2394.241512541056,2340.1543549086564,2345.687744140625,2358.7442904245413,2406.0642441032983
2022-02-04,2333.9730811744257,2341.4006700215937,2314.132911850072,2324.30224609375,2341.523268259146,2398.6313351933395
2022-02-07,2334.969934806627,2349.7255577986602,2298.0809990304338,2310.144775390625,2325.8340218248854,2390.5871024840017
2022-02-08,2323.654123035017,2352.916122171757,2303.066204329135,2348.97802734375,2337.4060245843175,2386.8044592894335
2022-02-09,2364.0324325596034,2380.0343040297907,2350.922002217393,2376.345458984375,2356.8757417843462,2385.853641079883
2022-02-10,2388.508759647062,2388.508759647062,2358.0007579541807,2373.90283203125,2365.389286907798,2384.7672038936435
2022-02-11,2366.126154361728,2377.3423849470305,2337.0637520304786,2369.2666015625,2367.327944235149,2383.3580582271757
2022-02-14,2333.225366075212,2347.8811929972444,2306.0571612998465,2331.530517578125,2349.429230906637,2378.6464636227165
2022-02-15,2344.1422606639435,2416.6239854977916,2328.6887876310857,2410.69189453125,2380.0605627189434,2381.5596846144012
2022-02-16,2422.705901172294,2425.696896112013,2388.7580599249263,2405.70703125,2392.8837969844717,2383.75489794491
2022-02-17,2412.835620948086,2447.530966166804,2402.7658410147455,2436.165283203125,2414.5245400937984,2388.5194784229298
2022-02-18,2437.0625244076164,2449.026503895936,2412.8853158583033,2417.12255859375,2415.823549343774,2391.1197584384586
2022-02-21,2404.7598213223005,2430.1832771447375,2377.4421661546367,2392.696044921875,2404.2597971328246,2391.263057209678
2022-02-22,2345.8371226569507,2388.7080480940126,2340.1043826275763,2381.828857421875,2393.04432727735,2390.4054026835142
2022-02-23,2393.8926804265084,2399.3262724003575,2360.8919398168,2366.923828125,2379.984077701175,2388.2707140872853
2022-02-24,2298.0811721174364,2332.8763167963557,2236.6659770526103,2248.97900390625,2314.4815408037125,2375.6078313435546
2022-02-25,2273.2559408377538,2301.0221976880266,2269.417399986467,2277.09423828125,2295.787889542481,2366.6520501560726
2022-02-28,2236.2673217436163,2360.244165187352,2236.2673217436163,2352.467529296875,2324.127709419678,2365.3625482597818
2022-03-02,2327.4426528518898,2393.79293897141,2322.20841173169,2391.350341796875,2357.7390256082763,2367.7250749449718
2022-03-03,2392.7959474894924,2407.6014697777,2362.935896743005,2371.1611328125,2364.450079210388,2368.0374438420195
2022-03-04,2345.9371363230707,2357.2032664497865,2313.3852372981983,2318.569580078125,2341.5098296442566,2363.5403653180288
2022-03-07,2271.8600235920444,2305.1599135318966,2215.3302675174205,2232.82763671875,2287.1687331815033,2351.6573899908217
2022-03-08,2204.86183469905,2239.258277519361,2173.456386906593,2228.789794921875,2257.979264051689,2340.4876086209174
2022-03-09,2229.28833192255,2359.895117021769,2227.4437875942867,2347.033935546875,2302.506599799282,2341.08272925055
2022-03-10,2392.795828325844,2397.780819634856,2352.9158978537466,2385.069091796875,2343.7878457980787,2345.081489482034
2022-03-11,2368.917970562052,2403.763014100657,2368.917970562052,2391.948486328125,2367.868166063102,2349.3421255589515
2022-03-14,2379.7350661122364,2417.122501124313,2366.873885831194,2411.58935546875,2389.728760765926,2355.00096464166
2022-03-15,2420.6621067730453,2420.6621067730453,2333.82369611759,2356.355712890625,2373.0422368282752,2355.124123573384
2022-03-16,2374.8499750409433,2400.672133913579,2369.9647806837825,2396.135986328125,2384.5891115782,2358.8524747329056
2022-03-17,2425.4477123461256,2489.9035576829046,2407.8507890030855,2474.250732421875,2429.4199220000373,2369.3432254319027
2022-03-21,2436.6639881185024,2476.5439224575944,2431.6789963261162,2459.99365234375,2444.7067871718937,2377.58417333298
2022-03-22,2452.7157088986833,2527.340888460052,2446.2352197010973,2523.55224609375,2484.129516632822,2390.8539981294134
2022-03-23,2515.4268006453112,2557.1512783520707,2515.4268006453112,2531.578125,2507.853820816411,2403.647100572194
2022-03-24,2502.4658294002643,2576.3931588299856,2502.4658294002643,2570.90966796875,2539.3817443925805,2418.8527885173357
2022-03-25,2574.7480809495173,2608.14752362592,2569.2645903608545,2588.05810546875,2563.719924930665,2434.2350900583733
2022-03-28,2602.1655090871486,2621.8562251041876,2578.736049522571,2614.07958984375,2588.8997573872075,2450.584590038862
2022-03-29,2630.081553793929,2630.081553793929,2599.5733080054542,2614.677978515625,2601.7888679514163,2465.502170809477
2022-03-30,2631.9756717148057,2679.931386522765,2609.244305573206,2664.926513671875,2633.3576908116456,2483.63165652424
2022-03-31,2656.9506090039577,2661.686350996868,2620.7098663239403,2626.84130859375,2630.099499702698,2496.6507158032864
2022-04-01,2628.087659153097,2657.15006378706,2614.1296822076706,2647.878173828125,2638.988836765411,2510.398666532817
2022-04-04,2647.479109657897,2666.970475270874,2633.720484318867,2655.704345703125,2647.346591234268,2523.6082737301176
2022-04-05,2643.142337004793,2661.8857106483915,2612.833442106771,2618.16748046875,2632.757035851509,2532.2045652518113
2022-04-06,2579.334429189841,2626.592051794483,2579.334429189841,2611.1884765625,2621.9727562070047,2539.38492082551
2022-04-07,2587.3104096459933,2598.1775938534847,2559.2946597935133,2565.127197265625,2593.549976736315,2541.725127774612
2022-04-08,2552.315724293993,2617.120615731145,2552.315724293993,2607.798583984375,2600.6742803603447,2547.731805611863
2022-04-11,2592.1956559579453,2630.629990230727,2575.246684361297,2602.364990234375,2601.51963529736,2552.6984587593643
2022-04-12,2579.2346060714044,2594.787876938468,2547.7293623797786,2553.362548828125,2577.4410920627424,2552.7588305837967
2022-04-13,2566.772232139935,2584.8179994979014,2537.8592802144904,2543.99072265625,2560.715907359496,2551.9617298631106
2022-04-18,2525.39682598485,2552.1164305039124,2514.230493122379,2536.21435546875,2548.465131414123,2550.530150372714
2022-04-19,2550.3217789649116,2659.991597450502,2543.392689114882,2632.873291015625,2590.669211214874,2558.0158904311606
2022-04-20,2649.124338068202,2725.7934116471724,2641.148351494253,2710.2900390625,2650.479625138687,2571.8589948521917
2022-04-21,2742.6424822487006,2780.628214234378,2723.799312043141,2773.7490234375,2712.1143242880935,2590.2126338144926
2022-04-22,2750.6185967571264,2793.5893221664164,2735.9627699797825,2750.51904296875,2731.3166836284217,2604.785943737607
2022-04-25,2734.1680221290003,2750.1199948214867,2655.6544065331705,2686.910400390625,2709.1135420095234,2612.2518034333357
2022-04-26,2701.8655153784894,2786.610374716929,2699.572370503066,2767.318359375,2738.2159506922617,2626.348763064396
2022-04-27,2747.577792725254,2819.5111208825356,2746.780145423929,2770.01025390625,2754.113102299256,2639.4088985954736
2022-04-28,2801.5153130129584,2842.4421417431145,2777.73704969931,2811.3857421875,2782.749422243378,2655.04315710384
2022-04-29,2847.576602447119,2847.576602447119,2768.9634323914347,2781.87451171875,2782.311966981064,2666.57328025065
2022-05-02,2753.709433094474,2797.0788611681924,2749.771338307271,2772.10400390625,2777.207985443657,2676.1669824011587
2022-05-04,2776.640347895758,2781.625339543686,2668.266678151368,2685.564453125,2731.3862192843285,2677.0212979215075
2022-05-05,2715.3248114147877,2721.805300224847,2624.0994689347244,2632.97265625,2682.179437767164,2673.0168759513704
2022-05-06,2604.35886047426,2651.0184286981535,2585.7649399000957,2612.783447265625,2647.4814425163945,2667.5411097072115
2022-05-09,2567.2208253608624,2589.3044846232888,2499.474836880076,2510.740966796875,2579.111204656635,2653.2865512608173
2022-05-10,2487.510691912504,2519.015934712264,2450.621755799974,2467.2216796875,2523.1664421720675,2636.3715629359704
2022-05-11,2465.2277624328062,2477.4908902705283,2414.679997031638,2441.947998046875,2482.557220109471,2618.696693400598
2022-05-12,2420.2135050247552,2427.541540291864,2362.8860996534167,2392.19775390625,2437.3774870078605,2598.105880719294
2022-05-13,2418.717865768741,2470.5617771537263,2408.0999312808926,2419.316162109375,2428.3468245586178,2581.852269936574
2022-05-16,2427.14254455925,2473.5528656700476,2409.39592553955,2419.914306640625,2424.130565599621,2567.1306369096696
2022-05-17,2427.7906118505384,2532.2758369913736,2424.699819815785,2521.55810546875,2472.8443355341856,2562.9876795059495
2022-05-18,2532.026615944523,2562.2856114821448,2500.7209669261047,2530.730712890625,2501.7875242124055,2560.0552279954654
2022-05-19,2476.543695445301,2504.9581460572945,2458.647625232637,2472.40625,2487.0968871062028,2552.0871390867865
2022-05-20,2504.958349252313,2636.4623339852646,2494.489866598721,2616.572265625,2551.8345763656016,2557.949423317533
2022-05-23,2623.6009619716006,2645.5848226278763,2585.216528364948,2599.07470703125,2575.454641698426,2561.6880854733254
2022-05-24,2599.174514738035,2630.081461403505,2589.9023820568377,2607.998046875,2591.726344286713,2565.8980819643866
2022-05-25,2627.0906298229925,2648.72544515174,2593.691185383118,2604.15966796875,2597.9430061277317,2569.376407964783
2022-05-26,2616.5223155777408,2626.9907980254925,2540.3517406543624,2579.33447265625,2588.638739391991,2570.281686573098
2022-05-27,2585.266431724729,2597.3299648358116,2532.4754216214046,2567.370361328125,2578.0045503600577,2570.0170206417365
2022-05-30,2607.1504631095077,2665.9733607475423,2586.412850514882,2656.801025390625,2617.4027878753413,2577.906475618908
2022-05-31,2633.4712939895007,2670.759177611443,2607.8484855658266,2624.74755859375,2621.0751732345457,2582.1647558893483
2022-06-01,2626.39261800878,2647.229784700231,2608.346851775446,2625.594970703125,2623.335071968835,2586.1129572360555
2022-06-02,2626.0935620558357,2724.2479974989533,2626.0935620558357,2716.12255859375,2669.7288152812926,2597.932011904937
2022-06-03,2735.763299098309,2808.8932208013866,2733.769302524622,2771.15673828125,2720.4427767812713,2613.679714302784
2022-06-06,2771.655255853425,2805.5531978314884,2743.539952659059,2759.24267578125,2739.8427262812606,2626.912710800826
2022-06-07,2761.58545947034,2782.7220178937664,2743.7891860812856,2764.427001953125,2752.1348641171926,2639.4140099964898
2022-06-08,2764.4270599591723,2772.652296004493,2708.146554124566,2715.873291015625,2734.004077566409,2646.364853725502
2022-06-09,2701.8655178790755,2794.5863640645935,2701.8655178790755,2790.34912109375,2762.1765993300796,2659.454332577161
2022-06-10,2763.5796409663412,2781.5256113440355,2693.3910541855917,2706.102783203125,2734.1396912666023,2663.6951008158853
2022-06-13,2642.0455572712362,2664.7771677285623,2608.446762450893,2654.90673828125,2694.523214773926,2662.896158767282
2022-06-14,2642.095490588058,2663.830103007495,2605.6052541053837,2620.21142578125,2657.367320277588,2659.0157284958245
2022-06-15,2609.693050638878,2629.383767831924,2576.6424096600495,2588.5068359375,2622.937078107544,2652.6058291723402
2022-06-16,2615.126567363739,2651.0684051240096,2546.3336839675903,2552.315673828125,2587.6263759678345,2643.488542322866
2022-06-17,2552.315637065637,2616.9710739067623,2548.4274410754097,2582.2255859375,2584.9259809526675,2637.919182651469
2022-06-20,2597.1804981657174,2609.2442746181987,2513.532440520729,2535.41650390625,2560.1712424294587,2628.600757310994
2022-06-21,2552.3157485199545,2585.6153956883068,2520.7109498467944,2576.343505859375,2568.2573741444166,2623.8500980881195
2022-06-22,2550.4215136476164,2550.6208646311434,2493.4928119024007,2498.0791015625,2533.1682378534583,2612.416371131245
2022-06-23,2507.5007399106917,2517.42082477627,2437.6609570605865,2457.551025390625,2495.359631622042,2598.3377033366432
2022-06-24,2472.5557896546015,2503.4627370252842,2460.5918100272406,2492.545654296875,2493.9526429594584,2588.720244333028
2022-06-27,2537.3107845797867,2537.3107845797867,2474.1011894818444,2485.167724609375,2489.560183784417,2579.306378903605
2022-06-28,2474.6495724902197,2526.343788189772,2474.6495724902197,2520.112548828125,2504.836366306271,2573.925121624016
2022-06-29,2499.6740530419565,2589.2045477728,2493.492712352627,2572.405029296875,2538.620697801573,2573.7869314124578
2022-06-30,2572.2557159279604,2608.0478589531413,2558.2977391748627,2587.858642578125,2563.2396701898488,2575.066177882064
2022-07-01,2567.1707932732966,2584.219561353674,2357.900950077716,2401.4697265625,2482.3546983761744,2559.2846823075583
2022-07-04,2371.8091418218687,2434.669935563745,2358.9978592539364,2406.454833984375,2444.4047661802747,2545.3910597327235
2022-07-05,2415.726812635653,2457.500942862072,2409.844620194989,2425.946044921875,2435.1754055510746,2534.5324220226466
2022-07-06,2412.8355872102998,2434.6198531540467,2380.831845690296,2404.6103515625,2419.8928785567873,2522.721324708088
2022-07-07,2418.6179801039193,2425.946014673586,2367.8708660638104,2380.931640625,2400.412259590894,2509.8313534278072
2022-07-08,2410.741932302581,2410.741932302581,2375.3983906201497,2384.2216796875,2392.316969639197,2498.4122921786884
2022-07-11,2369.3664025259527,2421.509461033769,2362.885913733014,2416.6240234375,2404.4704965383485,2490.976995020398
2022-07-12,2396.7839963898114,2432.3767882536413,2396.7839963898114,2413.1845703125,2408.827533425424,2483.904956410589
2022-07-13,2420.013994942998,2426.6938347960067,2365.8769391827955,2370.413330078125,2389.6204317517745,2473.5875358349103
2022-07-14,2380.83190874254,2426.6439313368282,2369.815028992471,2389.954345703125,2389.78738872745,2465.9845185502027
2022-07-15,2407.7509051083002,2407.7509051083002,2375.94675656129,2394.590576171875,2392.1889824496625,2459.4941601521728
2022-07-18,2413.7330001120795,2417.7209935034252,2385.1191962107328,2414.979248046875,2403.584115248269,2455.447349960782
2022-07-19,2393.095081640691,2439.654853831187,2393.095081640691,2429.78466796875,2416.6843916085095,2453.114378870597
2022-07-20,2532.3757545632743,2534.868250384695,2478.7870944027327,2495.48681640625,2456.0856040073795,2456.966418646565
2022-07-21,2486.513752266448,2492.495742047362,2459.8939464229397,2478.8369140625,2467.4612590349398,2458.954645502559
2022-07-22,2492.4958776704434,2508.7469994744147,2487.5108859151023,2495.586669921875,2481.5239644784074,2462.2848295406784
2022-07-25,2460.0433388887764,2460.0433388887764,2395.7868489053517,2413.134521484375,2447.329242981391,2457.8166197173778
2022-07-26,2413.8327433453987,2436.564110441639,2404.112009671314,2414.2314453125,2430.7803441469455,2453.854331135116
2022-07-27,2412.6859811449353,2419.71486782326,2394.7899103879154,2411.938232421875,2421.3592882844105,2450.0437767066396
2022-07-28,2428.687847975643,2460.541894837116,2413.7328735422957,2449.724609375,2435.5419488297052,2450.0147614946723
2022-07-29,2467.271787532858,2509.5446639511165,2456.6039537852375,2501.91748046875,2468.7297146492274,2454.7331904923158
2022-08-01,2511.588095365795,2579.9822740742834,2500.072960069584,2567.12109375,2517.9254041996137,2464.9502726066503
2022-08-02,2564.778169379277,2599.9722586357975,2553.8610864943817,2576.8916015625,2547.408502881057,2475.1267570571817
2022-08-03,2592.1955747727766,2602.165557752672,2559.74323149166,2598.526611328125,2572.967557104591,2486.3449256272675
2022-08-04,2602.165665733416,2609.8924028634674,2527.390790281306,2564.179931640625,2568.573744372608,2493.420835264845
2022-08-05,2568.2677291954424,2571.059373234823,2519.364911834909,2526.393798828125,2547.4837716003667,2496.4183774069616
2022-08-08,2523.4027005683097,2575.795009982726,2523.4027005683097,2559.444091796875,2553.463931698621,2502.1479878060445
2022-08-10,2569.164759168228,2582.125736751723,2549.3744894411766,2574.748046875,2564.1059892868107,2508.7479931759494
2022-08-11,2595.2864899087417,2602.0658839302687,2572.4550817576146,2583.322509765625,2573.714249526218,2515.5274946841014
2022-08-12,2582.524658251275,2633.421468434794,2574.448874929967,2625.096435546875,2599.4053425365464,2525.488307489808
2022-08-16,2638.2567642119566,2649.323542333559,2619.413594337638,2643.341552734375,2621.3734476354607,2536.2022388756777
2022-08-17,2657.0004499629645,2668.864632282611,2647.5788647787995,2657.14990234375,2639.261674989605,2547.1974810091388
2022-08-18,2660.0,2669.0,2640.199951171875,2661.300048828125,2650.280861908865,2557.5704417199554
2022-08-19,2650.0,2661.699951171875,2604.949951171875,2613.85009765625,2632.0654797825573,2562.6867740778002
2022-08-22,2617.0,2631.300048828125,2586.0,2606.60009765625,2619.3327887194037,2566.678894403114
2022-08-23,2594.0,2653.199951171875,2591.35009765625,2646.800048828125,2633.0664187737643,2573.962635714479
2022-08-24,2640.10009765625,2670.0,2635.35009765625,2639.75,2636.408209386882,2579.943305194981
2022-08-25,2648.949951171875,2662.89990234375,2622.60009765625,2632.050048828125,2634.2291291075035,2584.6802818889028
2022-08-26,2633.0,2650.0,2607.0,2618.0,2626.1145645537517,2587.70934717173
